TextoBreveMedicamento,maxcod
ACENOCUMAROL 4mg COM,10000001
ACETAZOLAMIDA 250mg COM,10000003
ACICLOVIR 250mg INY,10000004
ACICLOVIR 400mg/5mL SUSP ORAL,10000005
ACICLOVIR 800mg COM,10000006
AC. ACETIL SALICILICO 100-125mg COM/MCAP,10000007
ACIDO FOLICO 10mg COM,10000008
ACIDO FOLICO 5mg/mL GOT ORAL,10000009
ACIDO FUSIDICO 2 g/100 g CREM DER,10000010
ACT TISULAR PLASMINOGENO 50mg INY,10000015
ADALIMUMAB 40mg INY,10000016
ADENOSINA 6mg/2mL INY,10000017
ADRENALINA 1mg INY,10000018
ALBENDAZOL 400mg SUSP,10000019
ALBUMINA HUMANA 20% INY,10000020
ALENDRONATO 70mg CAP/COM,10000021
"ALFACALCIDOL (Vit. D3) 0,25mcg CAP/COM",10000023
ALFAMETIL DOPA 500mg COM,10000024
"ALFENTANILO 0,5mg/mL INY",10000025
ALLOPURINOL 300mg COM,10000026
"ALPRAZOLAN 0,5mg COM",10000027
AMANTADINA 100mg COM,10000028
AMIKACINA 500mg INY,10000029
AA ESENC Y NO ESENC 90% (+) POL P/REC,10000030
AMIODARONA 200mg COM,10000032
AMIODARONA 150mg INY,10000033
AMITRIPTILINA 25mg COM,10000034
AMLODIPINA 10mg COM,10000035
AMOXICILINA 500mg/5ml POL P/REC,10000036
AMOXICILINA 500mg CAP/COM,10000037
AMOXICILINA+SULBACTAM 1000mg+500mg INY,10000038
AMOXI+SULBAC 1000+125 a 250mg (5 mL) POL,10000039
AMOXICILINA + SULBACTAM 875mg+125mg COM,10000040
AMPICILINA 1g INY,10000041
ANFOTERICINA B 50mg INY,10000042
ANFOTERICINA B LIPOSOMAL 50mg INY,10000043
"ANTAZOLINA+TETRAZOLINA 0,5%+0,4% COL",10000044
ANTIGRIPAL (Formula Mínima) COM,10000046
ANTIHEMORROIDAL CON CORTISONA CRM/POM,10000047
ATENOLOL 100mg COM,10000049
ATORVASTATINA 40mg COM,10000050
ATRACURIO 10mg/mL INY,10000051
ATROPINA 1mg INY,10000052
AZITROMICINA 500mg COM,10000053
AZATIOPRINA 50mg COM,10000054
BETAHISTINA 24mg COM,10000057
"BETAMETASONA 0,50mg/mL GOT ORAL",10000058
"BETAMETASONA 0,1 % CREM",10000059
BICALUTAMIDA 50mg COM,10000062
BIPERIDENO CLORHIDRATO 2mg COM,10000063
BISACODILO 5mg COM/GRA,10000064
"BRIMONIDINA 0,02 COL",10000067
IPATROPIO+FENOTEROL 0.020+0.050 mg AER,10000068
"BUPIVACAINA C/ EPINEFRINA 0,005 mg INY",10000069
"BUPIVACAINA HIPERBARICA 0,005 mg INY",10000070
"BUPIVACAINA S/ EPINEFRINA 0,0075 mg INY",10000071
Bupivacaina Sin Epinefrina,10000072
BUTIL BROMURO DE HIOSCINA 20mg INY,10000073
"CABERGOLINA 0,5mg COM",10000075
CALCIO CO3 + VITD3 500mg+400 UI COM,10000076
CARBAMAZEPINA 200mg COM,10000078
CARBAMAZEPINA 20mg/mL JBE SUSP,10000079
"CARVEDILOL 12,5mg COM",10000084
CEFALEXINA 500mg/5mL POL P/REC,10000085
CEFALEXINA 500mg CAP,10000086
CEFAZOLINA 1g INY,10000087
CEFIXIMA 100mg/5mL SUSP ORAL,10000088
CEFIXIMA 400mg COM,10000089
CEFOPERAZONA + SULBACTAM 1g+1g INY,10000090
CEFOTAXIMA 1g INY,10000091
CEFTAZIDIMA 1g INY,10000092
CEFTRIAXONA 1g INY,10000093
CETIRIZINA 10mg COM,10000094
CINITAPRIDE 1mg COM,10000098
CIPROFIBRATO 100mg CAP/COM,10000099
CIPROFLOXACINA 500mg COM,10000100
CIPROFLOXACINA 3mg/mL COL,10000102
CIPROFLOXACINA 200mg INY,10000103
"CIPROTERONA+ETINILESTRAD 2mg+0,035mg COM",10000104
CITICOLINA 1g SOL ORAL SCH,10000108
CITICOLINA 1g INY,10000109
CITIDIN 5 + URIDIN 5 (10mg+6 mg) INY,10000110
CITIDIN 5 + URIDIN 5 (5mg+3 mg) CAP,10000111
CLARITROMICINA 500mg COM,10000113
CLARITROMICINA 250mg/5mL POL P/REC,10000114
CLINDAMICINA 600mg INY,10000115
"CLOBETAZOL PROPIO 0,5% UNG/CREM/POM",10000116
"CLOBETAZOL PROPIO 0,05% UNG/CREM/POM",10000116
"CLONAZEPAN 2,5mg/mL SOL",10000117
CLONAZEPAN 2mg COM,10000118
CLOPIDOGREL 75mg COM,10000119
"CLORFENIRAMINA 2,5mg/5mL JBE",10000120
CLORFENIRAMINA 4mg COM,10000121
CLORFENIRAMINA 10mg INY,10000122
"CLORHEXIDINA 0,1-0,5% SOL ORAL",10000123
"COLAGENASA+CLORANFENICOL 0,6UI+10mg POM",10000124
COLISTINA 100mg INY,10000125
COMPLEJO B (B1 + B6 + B12) CAP/COM,10000126
COMP PROTROMBINICO HUMANO INY,10000127
DABIGATRAN ETEXILATO 110mg CAP,10000128
DEXAMETASONA 4mg/ml INY,10000131
DEXAMETASONA 8mg COM,10000132
DEXAMETASONA FOSFAT+PIVALAT 4mg+16mg INY,10000133
"DEXAMETASONA FOSFAT SODICO 0,001 COL",10000134
DEXMEDETOMIDINA 200mcg INY,10000135
DEXTROMETORFANO 15-30mg/ml GOT,10000136
DIAZEPAN 10mg/2ml INY,10000137
DICLOFENAC 50mg COM,10000138
DICLOFENAC 75mg INY,10000139
"DICLOFENAC SODICO 0,10% COL",10000140
DIFENIL HIDANTOINATO SOD 100mg CAP/COM,10000141
DIFENIL HIDANTOINATO SOD 100mg/5ml JBE,10000142
DIFENIL HIDANTOINATO SODICO 50mg/ml INY,10000143
"DIGOXINA 0,25mg COM",10000144
DILTIAZEN 60mg COM,10000145
DIOSMINA 600mg COM,10000146
DIPIRONA 1g/2mL INY,10000147
DIPIRONA 500mg SUP,10000148
DIPIRONA 500mg COM,10000149
DIPIRONA 500mg/mL GOT,10000150
DIVALPROATO DE SODIO 500mg COM,10000151
DOBUTAMINA 250mg INY,10000152
DOMPERIDONA 10mg/ml SOL/SUSP ORAL,10000156
DOMPERIDONA 10mg COM,10000157
DONEPECILO 10mg COM,10000158
DOPAMINA 200mg INY,10000159
"DORZOLAMIDA + TIMOLOL 2%+0,50% COL",10000160
DOXICICLINA 100mg COM,10000161
ENALAPRIL 20mg COM,10000165
"ENALAPRIL 2,5mg/2mL INY",10000166
ERGOT+CAFEINA+PARACETAMOL(1+50+500)mgCOM,10000169
ERITROPOYETINA 4000UI INY JPR,10000171
ERITROPOYETINA 10000UI INY JPR,10000172
ERTAPENEM 1g INY,10000173
ESPIRONOLACTONA 100mg COM,10000174
"ESTRADIOL 0,06% GEL",10000175
ESTRADIOL+NORETISTOSTERONA 5+50mg INY,10000176
"ESTRIOL 0,5mg OVU",10000178
ETAMSILATO 250mg INY,10000179
ETILEFRINA 10mg/ml INY,10000181
"ESTRADIOL+NORESTISTOSTERONA0,01mg/2mgCOM",10000183
EXPECT/MUCOLT 30mg-8mg/5ml JBE,10000186
EXPECT/MUCOLT 15mg-4mg/5ml JBE,10000187
FACT VIII LIOF PLASMÁTICO 1000UI INY,10000189
FACT VII RECOM Fla Eptacog 100000UI INY,10000192
FENAZOPIRIDINA 200mg COM,10000193
"FENOBARBITAL 0,015g COM",10000194
"FENOBARBITAL 0,10g COM",10000195
"FENTANILO 0,1mg INY",10000196
"FENTANILO 0,050mg/h PARCHE",10000197
"FENTANILO 0,025mg/h PARCHE",10000198
FILGRASTIM 30000000UI/ml INY,10000199
FLUCONAZOL 100mg CAP/COM,10000200
FLUCONAZOL 200mg INY,10000201
"FLUMAZENIL 0,5mg/5mL INY",10000204
FLUOXETINA 20mg CAP/COM,10000206
FLUTICASONA PROP 50mcg/dosis SPRAY NASAL,10000207
FOSF MONO Y DISOD 48-18g/100mL SOL ORAL,10000208
FUROSEMIDA 10mg/mL INY,10000209
FUROSEMIDA 40mg COM,10000210
"GENTAMICINA 0,1% CREM",10000217
GLICEROFOSFATO (*) JBE,10000219
GLIMEPIRIDA 4mg COM,10000220
GLUCOSAM+CONDROI+SULF1500+1200+250mg POL,10000221
HALOPERIDOL 2 mg/mL SOL,10000222
HALOPERIDOL 5 mg/mL INY,10000223
HALOPERIDOL 5 mg COM,10000224
HALOPERIDOL DECANOATO 50 mg/mL INY,10000225
HEPARINA DE BAJO PESO MOLECULAR 60mg INY,10000226
HEPARINA DE BAJO PESO MOLECULAR 40mg JPR,10000228
HEPARINA SODICA 5000 UI/mL INY,10000229
HIALURONATO Sod+AC HIALURON 25/20mg INY,10000232
HIDROXICINA 25 mg. COM,10000233
HIDROCLOROTIAZIDA+AMILORIDA 50mg+5mg COM,10000234
HIDROCORTIZONA 100 mg INY,10000235
HIDROCORTIZONA 500 mg INY,10000236
HIDROXICLOROQUINA 200 mg COM,10000237
HIERRO SACARATO 100mg (Fe element) INY,10000239
IBUPROFENO 200 mg/5 mL SUSP ORAL,10000241
IBUPROFENO 400 mg CAP/COM,10000242
IMIPENEN + CILASTATINA 500 mg INY,10000247
INMUNOGLOBULINA 5 g INY,10000249
INMUNOGLOBULINA G HUMANA 10% INY,10000250
INSULINA CRISTALINA HUMANA 100UI/mL INY,10000253
INSULINA DEGLUDEC 100 UI/mL INY,10000254
INSULINA GLARGINA 100 UI/mL INY,10000255
INSULINA ULTRARRAPIDA 100 UI/mL APD,10000256
INSULINA ULTRARRAPIDA 100 UI/mL FCO AMP,10000257
INSULINA NPH HUMANA 100 UI/mL INY,10000258
"IPRATROPIO BROMURO 0,25 mg/mL SOL",10000261
"ISOFLURANO Pur mín: 99,97% LIQ ANES VOL",10000264
ISOSORBIDE DI O MONO NITRATO 40mg COM,10000266
ISOTRETINOINA 20 mg CAP/COM,10000267
IVERMECTINA 6 mg COM,10000268
KETAMINA 50 mg / mL INY,10000269
KETOROLAC 60 mg INY,10000270
LABETALOL CLORHIDRATO 20 mg INY,10000271
LACTOBAC+STREPTOC+BIFIDOBACTER POL P/REC,10000272
"LACTULOSA 65gr o 66,7g/100mL JBE SUSP",10000273
LAGRIMAS ARTIFICIALES COL,10000274
"LAGRIMAS ARTIF+MANITOL 1,5mg +46 mg GEL",10000275
LAMOTRIGINA 50 mg COM,10000276
LATANOPROST 50 ug/ml COL,10000277
LEFLUNOMIDA 20 mg COM,10000281
"LETROZOL 2,5 mg COM",10000283
LEUCOVORINA CALCICA 50 mg INY,10000284
LEUPROLIDE (LEUPRORELINA) 3.75 mg INY,10000286
"LEUPROLIDE (LEUPRORELINA) 22,5 mg INY",10000287
LEVETIRACETAM 500 mg COM,10000288
LEVODOPA + CARBIDOPA 250 mg/25 mg COM,10000289
LEVOFLOXACINA 500 mg COM,10000290
LEVOFLOXACINA 500 mg INY,10000291
LEVOMEPROMAZINA 25 mg COM,10000292
LEVOSULPIRIDA 25 mg INY,10000293
LEVOTIROXINA SODICA 50 mcg COM,10000294
LEVOTIROXINA SODICA 100 mcg COM,10000295
LIDOCAINA 10 - 20% AER,10000296
LIDOCAINA CON EPINEFRINA 2%/20 mL INY,10000297
LIDOCAINA ESTERIL 2% JAL,10000298
LIDOCAINA SIN EPINEFRINA 2%/20 mL INY,10000299
LIDOCAINA C/ VASOCONST 2%/1:100.000 INY,10000300
LIDOC S/ VASOCONSTRICT 2% INY TUBO AMP,10000301
LIRAGLUTIDE 6 mg/mL INY,10000303
LOSARTAN POTASICO 50 mg COM,10000305
MAGNESIO SULFATO 50%/20mL INY,10000307
MEBENDAZOL+TIABENDAZ 100-500mg/5mL SUSP,10000308
MEPERIDINA 100mg INY,10000309
MEROPENEN 1000 mg INY,10000312
MESALASINA 5 ASA 500 mg COM,10000313
METFORMINA 850 mg COM,10000314
METILPREDNISOLONA 500 mg INY,10000315
METOCLOPRAMIDA 10 mg INY,10000316
"METOTREXATO 2,5 mg COM",10000318
POLIETILENGLICOL/EPOYETINA 100mcg INY,10000320
METRONIDAZOL 250 mg/5 mL JBE,10000321
METRONIDAZOL 500 mg COM,10000322
METRONIDAZOL 500 mg INY,10000323
MICOFENOLATO MOFETIL 500 mg COM,10000324
MICOFENOLICO ACIDO 360 mg COM,10000325
MICONAZOL 2% CREM,10000326
MIDAZOLAN 5 mg/ml INY 3 ML,10000327
MILRINONA 10mg INY,10000328
MORFINA SULFATO 1 mg/ mL INY,10000332
MORFINA CLORHIDRATO 10 mg/mL INY,10000333
NEBIVOLOL 5 mg COM,10000334
"NEOSTIGMINA 0,5 mg/mL INY",10000335
NIMODIPINA 60 mg COM,10000337
NITROFURANTOINA 100 mg COM,10000339
NITROGLICERINA 5 mg/mL INY,10000340
NITROFURAZONA 2% APOS HIDROSOL,10000341
NORADRENALINA 1 mg/mL INY,10000342
OXITOCINA 5 UI/mL INY,10000343
"OCTREOTIDA ACETATO 0,1 mg INY",10000345
OCTREOTIDA ACETATO 20 mg INY,10000346
OLANZAPINA 10 mg COM,10000347
OMEPRAZOL 20 mg CAP,10000348
OMEPRAZOL 40 mg INY,10000349
ONDANSETRON 8 mg/4mL INY,10000350
ONDANSETRON 8 mg COM,10000351
OSELTAMIVIR 75 mg CAP,10000352
OSELTAMIVIR 60mg/5mL POL P/RECONS,10000353
OVULO VAG.FOR.MIN.ANTIB+ANT.C/OS/AGr S/C,10000354
OXACILINA 1000 mg INY,10000355
OXCARBAZEPINA 600 mg COM,10000357
PANCREATINA 150 mg CAP,10000361
PANCURONIO BROMURO 4 mg/2mL INY,10000362
PARACETAMOL 200 mg/mL SUSP/SOL,10000363
PARACETAMOL 500 mg COM,10000364
PARACETAMOL + CODEINA 500 mg/30 mg COM,10000365
PARACETAMOL 1 g INY,10000366
PENICILINA G BENZATIN 1200000UI INY,10000369
PENTOXIFILINA 400 mg COM,10000371
PIPERACILINA+TAZOBACTAM 4g+500mg INY,10000374
PIRIDOSTIGMINA 60 mg COM,10000375
"SULFONATO DE Ca 4,95g/5g POL P/REC",10000376
"POLI+NEOM+DEXA(12000UI+3,5+0,5mg)UNGOFT",10000378
"POLIVIT Ac Fólico 0,5-1 Fe125a350 mg",10000380
POTASIO ORAL CONC. MIN. 99 MG CAP/COMP,10000381
"PRAMIPEXOL 1,5 mg COM",10000382
PREDNISONA 5 mg COM,10000383
PREDNISONA 5 mg/5mL JBE,10000384
PREDNISONA 50 mg COM,10000385
PREGABALINA 75 mg CAP,10000386
PROGESTERONA NATURAL MICRONIZADA 100 mg,10000388
PROPANOLOL 40 mg COM,10000389
PROPINOXATO+CLONIXINATO10+125 mg COMP,10000391
PROPOFOL 200 mg/20 ml INY,10000392
QUETIAPINA 100 mg COM,10000394
RACECADOTRIL 30mg POL GRAN SOBRE,10000395
"REHIDRATANTE ORAL NaCl 2,6+KCl 1,5",10000396
REMIFENTANILO 5 mg INY,10000397
RIFAMICINA 1% AER,10000398
RILUZOLE 50 mg COM,10000400
RISPERIDONA 3 mg COM,10000401
RISPERIDONA 1 mg/mL GOT,10000402
SALBUTAMOL 5 mg/mL GOT,10000405
SALBUTAMOL (s/Cl-Br) 100 mcg/dosis AER,10000407
SALMETEROL+FLUTICASONA25+125mcg AER,10000408
SALMETEROL+FLUTICASONA50+250mcg AER,10000409
SERENOAREPENS/PYGEUM AFRICANUM 160mg CAP,10000410
SERTACONAZOL 2% CREM,10000411
SERTACONAZOL 300mg OVU,10000412
SEVELAMER 800 mg COM,10000413
"SEVOFLURANO 99,97 % ANEST",10000414
SIMETICONA 100mg/mL SUSP,10000416
SITAGLIPTINA 100mg COM,10000418
SULFADIAZINA PLATA C/S/LIDOCAINA 1g CREM,10000422
SULFAMETOXAZOL+TRIMETOPRIM200mg+40mg SUS,10000423
SULFAMETOXAZOL+TRIMETOPRIM800+160 mg,10000424
SULFAMETOXAZOL+TRIMETOPRIM400+80 mg,10000425
SULFATO FERROSO (con o sin Vit C) 200mg,10000427
TAMOXIFENO 20mg COM,10000431
"TAMSULOSINA CLORHIDRATO 0,4mg CAP/COM",10000432
TELMISARTAN 80mg COM,10000433
TERLIPRESINA ACETATO 1 mg INY,10000436
TESTOSTERONA ENANTATO 250 mg/1ml INY,10000437
TIGECICLINA 50mg INY,10000440
"TIMOLOL MALEATO 0,5% COL",10000441
TIOTROPIO BROMURO 18 mcg CAP C/POL SEC,10000442
"TIOTROPIO BROMURO 2,5 mcg SOL",10000443
TOBRAMICINA 0.3 % COL,10000444
TOBRAMICINA 3% UNG OFTAL,10000445
TOLTERODINA 2mg COM,10000447
TOPIRAMATO 50mg COM,10000448
TRAMADOL 50mg GOT,10000450
TRAMADOL 50mg/mL INY,10000451
TRAZODONA 50mg COM,10000453
TRIMEBUTINA 200mg COM,10000454
"TROPICAMIDA + FENILEFRINA 0,5+5% COL",10000455
VALPROATO/ACVALPROICO 200-250mg/5 mL JAR,10000457
VANCOMICINA 500mg INY,10000458
VENLAFAXINA 75mg COM,10000459
VITAMINA A 50000 UIPER/CAP,10000463
VITA+VITD3 (c/ s/) SIN ANTIBIOTICOS,10000465
VITAMINA C 500mg COM,10000466
VITAMINA C 100-200 mg/mL SOL,10000467
VITAMINA K 1mg INY,10000468
VITAMINA K HIDROSOLUBLE 10mg INY,10000469
VORICONAZOL 200mg INY,10000470
WARFARINA 2mg COM,10000472
ZOLPIDEM 10mg COM,10000473
ACETONA COMERCIAL,10000487
ACETONA P/A. (GRADO DE PUREZA: PRO-ANÁL),10000488
AGUA DESTILADA ESTÉRIL SACHET,10000489
ALCOHOL ABSOLUTO,10000490
CAL SODADA,10000493
FORMOL 40 %,10000496
GLUCOSA ANHIDRA,10000497
GLUTARALDEHÍDO 2%,10000498
SOLUCIÓN LUGOL FUERTEB,10000504
VASELINA LÍQUIDA,10000505
VASELINA SOLIDA,10000506
XILOL P/A.,10000507
AGUA DESTILADA 10ML,10000510
BICARBONATO DE Na 1MOLAR SCH,10000512
CLORURO DE POTASIO 3 MOLAR,10000513
CLORURO DE SODIO 3 MOLAR,10000514
GLUCONATO DE CALCIO 10%,10000517
MANITOL 15% SACHET,10000519
POLÍMEROS DE GELATINA CH,10000523
SOL GLUCOSADA HIPERTÓNICA AL 50%-10CC,10000526
SOL GLUCOSADA HIPERTÓNICA AL 50%-1000CC,10000527
SOL GLUCOSADA HIPERTÓNICA 10% SA,10000528
SOL GLUCOSADA HIPERTÓNICA 10% SC,10000529
SOLUCIÓN GLUCOSADA HIPERTÓNICA 33%,10000530
SOL GLUCOSADA ISOTÓNICA 5% SA 500mL,10000531
SOL GLUCOSADA ISOTÓNICA 5% SC 500mL,10000532
SOL GLUCOSADA ISOTÓNICA 5% SA 1000mL,10000533
SOL GLUCOSADA ISOTÓNICA 5% SC 1000mL,10000534
SOLUCIÓN RINGER CON LACTATO SA SACHET,10000535
SOLUCIÓN RINGER CON LACTATO SC SACHET,10000536
"SOL SALINA ISOTÓNICA 0,9% SA 1000mL",10000538
"SOL SALINA ISOTÓNICA 0,90% SC 1000mL",10000539
"SOL SALINA ISOTÓNICA 0,9% SA 500mL",10000540
"SOL SALINA ISOTÓNICA 0,90% SC 500mL",10000541
"SUERO FISIOLÓGICO ISOTÓNICO 0,9O%",10000542
SOLUCIÓN GLUCOSADA ISOTÓNICA 5% 250 ML,10000543
"SOLUCIÓN SALINA ISOTÓNICA 0,90% 250 ML",10000545
"SOLUCIÓN SALINA ISOTÓNICA 0,90% 100 ML",10000546
"FLA POLI COM STD PAD C/FIBR S/LACT,GLUT",10000552
FLA POLI COMP STD P AD S FIB LACT GLUTEN,10000553
FLA P.COM ESP HIPERGLIC LIB D LACYGLUT,10000555
FLA P.COMP ESP P AD C INSF RENAL EN DIAL,10000556
FLA P. COM ESP P AD C INS RENAL S DIAL,10000557
FÓRMULA SEMIELEMENTAL PARA NIÑOS,10000559
PREPARADO MODULAR DE CARBOHIDRATOS,10000560
AGUA OXIGENADA 10 VOLÚMENES,10000561
ALCOHOL EN GEL 70%,10000562
ALCOHOL RECTIFICADO al 96%,10000563
CLORHEXIDINA GLUCONATO 4%,10000564
DETERGENTE LÍQUIDO TRIENZIMÁTICO.,10000566
"IODOPOVIDONA JABÓN LÍQUIDO 7,5 % a 8%",10000567
"IODOPOVIDONA SOLUCIÓN 7,5 % a 10%",10000568
SOLUCIÓN DAKIN CARREL,10000569
IOBITRIDOL 300 mg Iodo/mL (50 - 100 mL),10000576
CICLOBENZAPRINA 10 mg COMP,10000584
GLUCOSAMINA + MELOXICAN 1500+15mg POL,10000585
VANCOMICINA INY 1GR,10000591
PREP MODULAR c/ prot animales,10000602
ENZALUTAMIDA 40 MG CAPSULA,10000605
MEMANTINA 10MG COM,10000628
"HEPARINA DE BAJO PESO MOLECUL 80MG/0,8ML",10000640
"CLORHEXIDINA GLUCONATO 0,5% SOL ISOPROPA",10000645
SOL GLUCOSADA HIPERTÓNICA AL 50%-20CC,10000653
DAPAGLIFLOZINA 10 MG,10000660
INSULINA GLARGINA 300 UI/mL INY,10000662
TOFACITINIB 5 mg. COMP. RECUBIERTO,10000663
TOCILIZUMAB 162 mg INY,10000665
BICARBONATO DE SODIO 8.4% 1 MOLAR,10000666
ERITROPOYETINA 4000UI INY VIAL,10000667
ERITROPOYETINA 10000UI INY VIAL,10000668
N-ACETIL CISTEINA 600 MG POLVO G./ COMPR,10000674
REMDESIVIR 5 MG/ML INYECTABLE (SOLUCION),10000675
ADALIMUMAB 40MG/0.8 ML (BIOSIMILAR) INY,10000703
ALCOHOL AL 70%-SOLUCIÓN,10000722
UPADACITINIB 15 MG COMP,10000733
BUDESONIDA 200 MCG/DOSIS AEROSOL,10000736
DICLOFENAC POTASICO 75 MG CAPSULA,10000740
CISATRACURIO 2mg/ml  INY 5ML,10000782
MIDAZOLAN 5 mg/ml INY  10ML,10000783
ALPRAZOLAN 1MG COM,10000795
ESPIRONOLACTONA 25mg COM,10000801
KETAMINA 50 mg / mL INY (Ampolla x 5ml),10000808
SEMAGLUTIDE 1.34 mg/mL INY VIAL+JER EST,10000852
LABETALOL CLORHIDRATO 5 mg/4ml AMPOLLA,10000853
LEUPROLIDE 45 mg INY,10000863
DENOSUMAB 60 mg INY,10000865
"SEMAGLUTIDE 1.34 mg/mL INY 0,25mg-0.2mL",10000868
"SEMAGLUTIDE 1.34 mg/mL INY 0,5mg-0.4mL",10000869
SEMAGLUTIDE 1.34 mg/mL INY 1mg-0.8mL,10000870
LINEZOLID 200 MG AMPOLLA,10000882
"CEFTAZIDIMA 2G + AVIBACTAM 0,5G INY",10000883
LINEZOLID 600 MG COMPRIMIDO,10000924
LENTES C/ PROTECTOR DE PLOMO P/ RAYOS X,11000012
AGAR BÍLIS ESCULINA ÁCIDA,11000031
AGAR BLOOD BASE (BASE SANGRE),11000032
AGAR CARY BLAIR,11000033
AGAR EMB BACTO LEVINE,11000041
AGAR HIERRO Y LISINA,11000044
AGAR MAC CONKEY,11000045
AGAR MAC CONKEY - SORBITOL,11000046
AGAR MANITOL,11000047
AGAR MEDIO C.L.D.E.,11000048
AGAR MEDIO DE TRANSPORTE STUART,11000050
MEDIO VP VOGUES PROSKAUER,11000053
AGAR MUELLER HINTON,11000054
AGAR SKIM MILK POWER LP 031,11000059
AGAR SS ( SALMONELLAS Y SHIGELLAS),11000060
AGAR TIOGLICOLATO,11000062
COLORACIÓN DE GRAM,11000104
COLORANTE DE GIEMSA,11000105
COLORANTE DE ZIEHL- NILLSEN 3X100 ML.,11000106
COLORANTE WRIGHT SOLUCIÓN,11000107
DISCO DE AMOXICI / AC. CLAVULÁ 20/10 ug,11000133
DISCO DE CEFALOTINA DE 30 ug,11000135
DISCOS DE CEFEPIME 30 ug,11000143
DISCOS DE CEFOTAXIMA 30 ug,11000147
DISCOS DE CEFOXITINA 30 ug,11000148
DISCOS DE CEFTAZIDIMA 30 ug,11000150
DISCOS DE CIPROFLOXACINA 5 ug,11000152
DISCOS DE CLINDAMICINA 2 ug,11000153
DISCOS DE ERITROMICINA 15 ug,11000156
DISCOS DE GENTAMICINA 10 ug,11000161
DISCOS DE MEROPENEM 10 ug,11000165
"DISCOS DE TRIMET / SULFAM 1.25/23,75 ug",11000179
MEMBRANA DE POTASIO (K + ),11000235
REACTIVO PARA ANTIGENEMIA PARA DENGUE,11000277
REACT PARA DETERMIN RÁPIDA PARA DENGUE,11000280
REACTIVO SANGRE OCULTA (TEST DE GUAYACO),11000284
SANGRE DE CARNERO,11000285
SELENITO - CALDO,11000286
SEROLOGÍA PARA ROTAVIRUS.,11000295
SEROLOGÍA PARA STAPHYLOCOCOS (LATEX),11000296
SUERO ANTI A P/ TIPIFICACIÓN DE SANGRE,11000342
SUERO ANTI B P/TIPIFICACIÓN DE SANGRE,11000344
TEST DE EMBARAZO EN ORI Y SANG HCG CUALI,11000350
TEST RÁPIDO PARA HIV I - II,11000353
TIRAS REACTIVAS P/ GLUCOSA EN SANGRE,11000355
TIRA REA P/DET DE GLU EN SANG C/GLUC DIG,11000356
ADHES P COMPRIMIR SITIO DE PUNCIÓN,11000361
ANSA DE PUNTA RECTA,11000363
CEPILLO P/ LIMPIAR TUBO DE HEMÓLISIS.,11000367
FRASCOS ESTÉRILES P RECOLECCIÓN DE ORINA,11000372
GRADILLA DE ALAM PLASTIF Y/O ACE INOX.,11000376
GRADILLAS P/MICROTUBOS,11000381
HISÓPOS P COLECTA DE MAT BACTERIOL,11000384
ISÓPOS ESTER C/ STUART P/COL DE MAT BACT,11000385
MICROPIPETA DE 200 A 1000 UL,11000396
PLACA DE PETRI DESC EST90 X 14(+-1) MM,11000404
PORTA ANSAS,11000405
PUNTERAS AMARILLAS DESECHABLES,11000408
TUB CAPILARES P MICROHEMATOCRI C HEPAR,11000416
AEROC ESPAC FACIAL P/AEROSOL TERAPIA-INF,11000421
AEROC ESPAC FACIAL P/AEROSOL TERAPIA-ADU,11000422
ALGODONERO,11000423
BOLSA DE GOMA PARA AGUA CALIENTE,11000436
BOLSA DE GOMA PARA HIELO,11000437
CHATA PLÁSTICA,11000448
ESTETOSCOPIO BIAURICULAR PARA ADULTO,11000522
ESTETOSCOPIO BIAURICULAR PEDIÁTRICO,11000523
GEL PARA TRANSMISIÓN ULTRA SÓNICA,11000540
ORINAL DE PLÁSTICO,11000568
PINZA ALLIS DE 25 CM RECTA,11000595
PINZA ANATÓMICA VASCULAR DE BAKEY 15 CM,11000627
PINZA HEMOST DUVAL ATRAUM 19 CM + - 2 CM,11000657
PINZA RANDALL 21 CM DE LONGITUD N° 01,11000717
PORTA AGUJA 10 CM.,11000740
TAMBOR DE ACERO INOXIDABLE 20 x 20 CM,11000809
TERMÓMETRO CLÍNICO AXILAR,11000812
TERMÓMETRO CLÍNICO RECTAL,11000813
TIJERA FINA RECTA 15 CM,11000834
TIJERA P/ALAMBRE GUILFORD-WRIGHT 10 CM,11000854
APARATO DE PRESIÓN ANEROIDE PARA NIÑOS,11001004
APARATO DE PRESIÓN ARTERIAL ANEROIDE AD,11001006
APARATO PRES/ARTE ANEROIDE ADULTO OBESO,11001007
APARATO DE PRESIÓN ARTERIAL A MERCURIO,11001008
SIERRA ELÉCTRICA P/ YESO,11001011
BOL/PA C/IN QUÍ C/FUE 11x3x19 CM P/AUTOC,11001014
BOL/PA C/IN QUÍ C/FUE 32/12/54CM P/AUTOC,11001016
CINTA TESTIGO QUIM P/ESTERIL CALOR HUMED,11001020
CONTROL EN TIRAS PARA ESTUFA,11001024
FRASCO PARA DRENAJE de 1.000 cc,11001048
FRASCO PARA DRENAJE de 2.000 cc,11001049
FRASCO PARA DRENAJE de 500 cc,11001050
MANGUITO DE PRESIÓN ADULTO,11001073
MÁSCARA FACIAL PARA ANESTESIA N°2,11001078
MÁSCARA FACIAL PARA ANESTESIA N°4,11001080
MASCARILLA P/ OXíGENO,11001082
MASCARILLA P/NEBULIZAR C/TUBULAD ADULTOS,11001083
MASCARILLA P/NEBULIZAR C/TUBULAD PEDIÁTR,11001084
PICO ASP/ME/CUR 90°15CM+-2CM P/CIRC/EXTR,11001095
PICO PARA ELECTROBISTURÍ,11001096
PROLONGADOR CON LLAVE DE 3 VÍAS,11001097
REGULADOR DE FLUJO GRADUADO,11001098
RESUCITADOR ADULTO C/CÁMARA AUTOINFLABLE,11001099
SISTEMA DRENAJE MEDIASTIN/PLEURAL 2000CC,11001104
TRAMPA PARA MUCUS,11001108
KIT DE ANESTESIA PERIDURAL,11001136
AGUJA DE NEUROESTIMULACION N° 22 G,11001137
AGUJA DE NEUROESTIMULACION N° 20 G,11001138
AGUJA P/ANEST.RAQ.N°25G-PUN BISE 88a99MM,11001141
AGUJA PARA ANESTESIA RAQUIDEA N° 26 G,11001145
ERLENMEYER DE 1000 CC,11001155
LAMINA DE VIDRIO PORTAOBJ C/BORD/ESMERIL,11001160
LAMINILLA DE VIDRIO CUBRE OBJ 24X60MM+-1,11001162
"TUBO CÓNICO 1,5 ML TIPO EPPENDORF",11001182
TUBOS VIDRIO HEMÓLISIS 12MMDIÁMX100MMALT,11001187
VARILLA DE VIDRIO 30 CM. X 8 MM.,11001188
CONECTOR SILICONADO PARA CATÉTER,11001193
EXTENSOR DE VIAS VENOSAS.,11001194
AGUJA 21 G X 1,11001195
AGUJA 21 G X 1 1/2,11001196
AGUJA 23 G X 1 (USO PEDIÁTRICO),11001197
AGUJA 27 G a 28 G X 1/2,11001198
AGUJA PARA ANESTESIA RAQUIDEA N° 25 G,11001201
AGUJA P/ ANESTESIA RAQUÍDEA N° 26G 90MM,11001202
"AGUJA P/PUNCIÓN LUMBAR 20 G x 3 a 3 1/2""",11001207
"AGUJA P/PUNCIÓN LUMBAR 22 G X 3 a 3 1/2""",11001208
ALGODÓN HIDRÓFILO,11001211
ALGODÓN HIDRÓFILO CORTADO 12 CM X 6 MT,11001212
ALGODÓN HIDRÓFILO CORTADO 32 CM X 6 MT,11001213
ALGODÓN HIDRÓFILO CORTADO 8 CM X 6 MT,11001214
ALGODÓN LAMINADO 10 CM,11001215
ALGODÓN LAMINADO 15 CM,11001216
ALGODÓN LAMINADO DE 20 CM,11001217
APOSITO CURATIVO QUIRURGICA 20 X 11CM+-5,11001220
APOSITO HIDROCOLOIDE HIPOALERGÉNI 7X9 CM,11001221
APOSITO TRANS 6CMx7CM+-2 HIPO P/FIJA CAT,11001223
APOSITO TRANS P/FIJA CAT/HIPO 10CMX12CM,11001224
BAJA LENGUA DE MADERA,11001229
CHALECO O BATA QUIRU ESTÉRIL/DESC/GRANDE,11001230
CHALECO O BATA QUIRU ESTÉRIL/DESC/MEDIAN,11001231
CHALECO O BATA QUIRU NO ESTERIL/DESCART,11001234
BOLSA COLECTORA ORINA ADUL1500-2000 CC,11001235
BOLSA DE COLON SIMPLE CON CÁNULA,11001236
BOLSA EST.P/RECL ORINA ADLT C/URINÓMETRO,11001238
BOLSA EXTERNA P/RECOLECC DE ORINA NIÑAS,11001239
BOLSA MIXTA PLEG 5X21CM P/OXIDO ETILENO,11001245
BOLSA MIXTA PLEG 40X58X8CM ÓXIDO ETILENO,11001246
BOLSA P/COLOST Y/O ILEOSTOM PED 2 PIEZAS,11001247
BOLSA P/COLOST Y/O ILEOSTOM AD 2 PIEZAS,11001248
BOLSA P/UROSTOMÍA 2 PIEZAS,11001249
BOLSA P/COLOST Y/O ILEOSTOM AD 1 PIEZA,11001252
BOLSA PRESUR P/PRE/AR/IN/SWANGANG/SANGRE,11001254
BOLSA MIXTAS/PLEG/AUTOAD/S/FUELLE30-45CM,11001262
BOLSA P/COLOST Y/O ILEOSTOM PED 1 PIEZA,11001263
CAJA DESCARTABLE P/MATERIAL CORTANTANTE,11001266
CAMPO ADHESIVO QX NIÑOS 30 X 18CM(+10),11001267
CAMPO ADHESIVO QX P/ADULTOS 45X55CM(+-5),11001268
CÁNULA DE ASPIRACIÓN P/CAMPO QX TIPOK66,11001281
CÁNULA DE TRAQUEOSTOMÍA N° 6 C/BALÓN,11001291
"CÁNULA DE TRAQUEOSTOMÍA N° 7,5 C/BALÓN",11001294
"CÁNULA DE TRAQUEOSTOMÍA N° 8,5 C/BALÓN",11001295
CÁNULA DE TRAQUEOSTOMÍA Nº 8 C/ BALÓN,11001297
CÁNULA NASAL ADULTO PARA OXÍGENO,11001298
CÁNULA NASAL NEONATAL P/OXIGENOTERA 6FR,11001299
CÁNULA NASAL PEDIATRICA P/OXIGENOTERPIA,11001300
CÁNULA OROFARÍNGEA N° 2,11001304
CÁNULA OROFARÍNGEA N° 3,11001305
CASSETTE DE PLÁSTICO DE BIOPSIA,11001312
CATÉTER P/VÍA VENOSA CENTRAL 2 LÚM 7FR,11001315
CATÉTER SUCCIÓN C/CIRCUI/CERRA/ASPI N°14,11001320
CATÉTER DE SUCCIÓN N°10 C/CONTROL FLUJO,11001321
CATÉTER DE SUCCIÓN N°12 C/CONTROL FLUJO,11001322
CAT DE SUCCIÓN N° 14 C/CONTROL DE FLUJO,11001323
CATÉTER DE SUCCIÓN N°16 C/CONTROL FLUJO,11001324
CATÉTER DE SUCCIÓN N° 6 C/CONTROL FLUJO,11001325
CATÉTER DE SUCCIÓN N°8 CONTROL FLUJO,11001326
CATÉTER DOBLE J N°6 C/GUÍA/POSICION-28CM,11001332
CATÉTER INTRAVENOSO PERIFÉRICO N°16,11001336
CATÉTER INTRAVENOSO PERIFÉRICO N°18,11001337
CATÉTER INTRAVENOSO PERIFÉR N°20 D/POLIU,11001338
CATÉTER INTRAVENOSO PERIFÉRICO N°22,11001339
CATÉTER INTRAVENO PERIFÉR N°24 D 19A20MM,11001340
"CATÉTER P/ VÍA VENOSA CENT 3,5FR 2LÚMEN",11001345
CATÉTER P/ VÍA VENOSA CENT 6FR 3 LÚMEN,11001346
CATÉTER P/ VÍA VENOSA CENT 6FR 2 LÚMEN,11001347
FILTRO BACTERIANO C/HUMIDIFICADOR PEDIAT,11001348
"SOL GLUC/CLORHEX AL 2%+ALC ISOP 70% 10,5",11001352
CATÉTER DE SUCCIÓN C/CIRCUITO CERRA N12,11001353
CATÉTER DE SUCCIÓN C/CIRCUITO CERRA N10,11001354
CATÉTER DE SUCCIÓN C/CIRCUITO CERRA N8,11001355
CATÉTER DE SUCCIÓN C/CIRCUITO CERRA N6,11001356
"CATÉTER P/VÍA/VEN/CENT DO/LÚMEN 4,5-5 FR",11001357
"CATÉTER P/VÍA/VEN/CENT 3 LÚMEN 7-7,5 FR",11001360
CATÉTER PERCUTÁNEO UNILÚMEN 3 FR,11001362
CINTA ADHESIVA QUIRÚRGICA DE 10 CM,11001369
CINTA ADHESIVA QX 10CM ANTIALÉRGICA,11001370
CINTA ADHESIVA QUIRÚRGICA DE 2.5 CM,11001371
CINTA ADHESIVA QUIRÚRGICA DE 5 CM,11001372
CINTA ADHESIVA QUIRÚRGICA 7.5 CM,11001373
CINTA ADHESIVA QX ANTIALÉRGICA 2.5CM,11001374
CINTA ADHESIVA QX ANTIALÉRGICA 5CM,11001375
CINTA ADHESIVA QX ANTIALÉRGICA 7.5CM,11001376
"CINTA ADHES QX C BASE TRANSP HIPO 7,5X5M",11001377
CLAMP UMBILICAL,11001379
COLECTOR DE ORINA C/ PRESERVATIVO,11001388
CONECTOR DE 2 VIAS P/INFUSIÓN PARENTERAL,11001391
CUBRE CALZADOS QUIRÚRGICO - PAR,11001395
CUBRE CALZADOS QUIRÚRGICO - UND,11001396
DREN DE PENROSE 1,11001404
DREN DE PENROSE 1/4,11001405
ELECTRODO DESCARTABLE ADULTOS,11001408
ELECTRODO DESCARTABLE NEONATAL,11001409
ELECTRODO DESCARTABLE PEDIÁTRICO,11001410
EQ PARA SUERO DE INFUSION IV MACROGOTERO,11001415
EQ VOLUMÉTRICO DE INFUSIÓN IV MICROGOTER,11001420
EQ VOLUMÉTRICO DE INFUSIÓN IV MACROGOTER,11001421
EQ.VOLUM/CÁM/RÌG/GRAD/MICROG P/SOL/FOTOS,11001422
EQ PARA SUERO DE INFUSION IV MICROGOTERO,11001425
EQ PARA MEDIR LA PRESIÓN VENOSA CENTRAL,11001427
ESPÉCULO VAGINAL DESCARTABLE GRANDE,11001436
ESPONJA HEMOSTÁTICA QUIRÚRGICA,11001439
FILTRO BACTERIANO C/ HUMIDIFICADOR,11001443
GASA HIDRÓFILA NO ESTÉRIL 10X10CM(+-1),11001446
GASA HIDRÓFILA NO ESTÉRIL.,11001447
GORROS QUIRÚRGICOS NO ESTÉRILES,11001448
GUANTE QUIRÚRGICO ESTÉRIL Nº 8 1/2,11001449
GUANTE GRANDE NO ESTÉRIL,11001450
GUANTE MEDIANO NO ESTÉRIL - PAR,11001451
GUANTE MEDIANO NO ESTÉRIL,11001452
GUANTE PEQUEÑO NO ESTÉRIL - PAR,11001453
GUANTE PEQUEÑO NO ESTÉRIL,11001454
GUANTE QUIRÚRGICO ESTÉRIL Nº 6 1/2,11001455
GUANTE QUIRÚRGICO N°7 1/2 ESTÉRIL,11001456
GUANTE QUIRÚRGICO N°7 ESTÉRIL,11001457
GUANTE QUIRÚRGICO N°8 ESTÉRIL,11001458
HEMOSUCTOR QUIRÚRGICO 16 a 18 FR. ADULTO,11001465
HOJA DE BISTURÍ N° 15,11001466
HOJA DE BISTURÍ RECTA N° 10,11001467
HOJA DE BISTURÍ RECTA N° 11,11001468
HOJA DE BISTURÍ RECTA N° 20,11001469
HOJA DE BISTURÍ RECTA N° 21,11001470
HOJA DE BISTURÍ RECTA N° 22,11001471
HOJA DE BISTURÍ RECTA N° 23,11001472
HOJA DE BISTURÍ RECTA N° 24,11001473
INTRODUCTOR P/ELECTRODO MARCAP TEMPO 8FR,11001486
JERINGA DESECHAB 1CC P/INSULIN100UI C/AG,11001491
JERINGA DESECHAB 1CC P/TUBERCULINA C/AG,11001492
JERINGA DESE.20CC C/AG 21GX1 1/2 PUN/ENR,11001493
JERINGA DESE.20CC C/AG 21GX1 1/2 PUN/PRE,11001494
JERINGA DESECHABLE 3 CC C/AG 21GX1 1/2,11001495
JERINGA DESECHABLE 5 CC C/AGUJA,11001496
JERINGA DESECHAB 50/60CC CONO/CATET S/AG,11001497
JERINGA DESE.10CC C/AG 21GX1 1/2 PUN/ENR,11001498
JERINGA DESE.10CC C/AG 21GX1 1/2 PUN/PRE,11001499
JERINGA 50 ml a 60 ml,11001500
LANCETAS P/ TOMA DE SANGRE,11001501
LLAVE DE 3 VÍAS DESECHABLE,11001502
MALLA POLIPROPILENO GRANDE 30X30CM,11001503
MALLA POLIPROPILENO Y POLIGLACT CHICA,11001504
MÁSCARA QUIRÚRGICA DESCARTABLE,11001506
MÁSCARA DE PROTECCIÓN N 95,11001507
PRESERVATIVO,11001513
SET P/ALIMENT/ENTERAL 500CC C/CONTE/FLEX,11001517
SONDA BALON TAPONAMIENTO ESOFAGICO N°18,11001527
SONDA DE ALIMENT/NASOYEYUNAL P/FRICCIÓN,11001528
"SONDA ENDOTRAQUEAL N° 8,5 C/ BALÓN",11001533
SONDA ENDOTRAQUEAL N° 5 C/BALÓN,11001534
SONDA ENDOTRAQUEAL Nº 6 C/BALÓN,11001552
"SONDA ENDOTRAQUEAL Nº 6,5 C/BALÓN",11001553
"SONDA ENDOTRAQUEAL Nº 6,5 S/ BALÓN",11001554
"SONDA ENDOTRAQUEAL Nº 7 C/BALÓN,",11001555
SONDA ENDOTRAQUEAL Nº 7 SIN BALÓN,11001556
"SONDA ENDOTRAQUEAL Nº 7,5 C/BALÓN",11001557
SONDA ENDOTRAQUEAL Nº 8 C/BALÓN,11001559
SONDA FOLEY Nº 16 C/ BALÓN DE 5 CC,11001565
SONDA FOLEY N°20 SILICONADA 2VÍAS TRASPA,11001567
SONDA FOLEY N°22 TRES VÍAS,11001568
SONDA FOLEY N°24 TRES VÍAS-,11001569
SONDA FOLEY Nº 10 C/BALÓN 5 CC.,11001570
SONDA FOLEY Nº 12 C/ BALÓN 5 CC,11001571
SONDA FOLEY Nº 14 C/ BALÓN 5 CC,11001572
"SONDA FOLEY Nº 18 C/BALÓN 30 CC,",11001573
SONDA FOLEY Nº 18 C/BALÓN DE 5 CC,11001574
SONDA FOLEY Nº 20 C/ BALÓN 30 CC,11001575
SONDA FOLEY Nº 20 C/ BALÓN 5 CC,11001576
"SONDA FOLEY Nº 8 C/ BALÓN 3 a 5CC,",11001578
SONDA FOLEY Nº. 12 C/BALÓN DE 30 CC,11001579
SONDA FOLEY Nº. 14 C/BALÓN DE 30 CC,11001580
SONDA NASOGÁSTRICA N°12 PVC SILICONADA,11001581
SONDA NASOGÁSTRICA Nº12PVC100% SILICONA,11001582
"SONDA NASOGÁSTRICA Nº 14, PVC SILICONADA",11001584
SONDA NASOGÁSTRICA Nº14 100% DE SILICONA,11001585
"SONDA NASOGÁSTRICA Nº 16, PVC SILICONADA",11001586
SONDA NASOGÁSTRICA Nº16 100% DE SILICONA,11001587
"SONDA NASOGÁSTRICA Nº 18, PVC SILICONADA",11001588
SONDA NASOGÁSTRICA Nº18 100% DE SILICONA,11001589
SONDA NASOGÁSTRICA TIPO K30 PVC SILICON,11001591
SONDA NASOGÁSTRICA TIPO K33 PVC SILICON,11001595
SONDA NASOGÁSTRICA TIPO K35 PVC SILICON,11001597
SONDA NASOYEYUNAL 12 FR. POLIURETANO,11001599
SONDA NASOYEYUNAL 12 FR. 100% SILICONA,11001600
SONDA NASOYEYUNAL 14 FR. POLIURETANO,11001601
SONDA NASOYEYUNAL 14 FR. 100% SILICONA,11001602
SONDA NELATON Nº 20,11001605
SONDA NELATON Nº 14,11001608
SONDA NELATON Nº 16,11001609
SONDA NELATON Nº 18,11001610
SONDA TRANSPILÓRICA 6 FR.SILICONADA,11001622
TROCAR P/PUNCIÓN PLEURAL Nº 10 FR,11001629
TOALLA INTER-HOJAS (CAJA),11001636
"TUBO TRAQUEAL C/REFUERZ EN ESPIRAL N°7,5",11001637
TUBO TRAQUEAL P/INTUB BRONQ SELECT 37DER,11001642
TUBO TRAQUEAL P/INTUB BRONQ SELECT 37IZQ,11001643
TUBO TRAQUEAL P/INTUB BRONQ SELECT 39DER,11001644
TUBO TRAQUEAL P/INTUB BRONQ SELECT 39IZQ,11001645
TUBO TRAQUEAL P/INTUB BRONQ SELECT 41IZQ,11001647
VENDA CAMBRAI 10CM X 3MT LARGO MÌNIMO,11001652
VENDA CAMBRAI 15CM.X 3MT LARGO MÍNINO,11001653
VENDA CAMBRAI 5 CM. X 3 MT LARGO MÍNIMO,11001654
"VENDA ELÁST 10CMX1,50-1,80MT LARG/MIN/RE",11001655
VENDA ENYESADA 15CMX3MTS LARGO MÌNIMO,11001656
VENDA ENYESADA 20CMX3MTS LARGO MÌNIMO,11001657
VENDA ENYESADA 10 CM X 3 MT.LARGO MÌNIMO,11001658
"VENDA SEMIELASTIZADA 10CMX1,50-1,80MTMIN",11001659
"VENDA SEMIELASTIZADA 15CMX1,50-1,80MTMIN",11001660
"VENDA SEMIELASTIZADA 20CMX1,50-1,80MTMIN",11001661
YESO ACRÍLICO DE 10 CM,11001662
PICO P/IRRIGACIÓN DE FRASCOS DE SUEROS,11001663
SUTURA QX POLIPROPILENO N°5/0 C/2AG 10MM,11001670
SUTURA QX POLIPROPILENO N°5/0 C/2AG 17MM,11001672
SUTURA QX POLIPROPILENO N°4/0 C/2AG 22MM,11001673
SUTURA QX POLIPROPILENO N°4/0 C/2AG 26MM,11001674
SUTURA QX POLIPROPILENO N°3/0 C/2AG2.5CM,11001677
"SUTURA QX POLIPROPILENO N°5/0 C/2AG1,5CM",11001678
SUTURA QX POLIPROPILENO N°3/0 C/2AG 2CM,11001679
SUTURA QX POLIÉST N°2/0 C/2AG 2CM C/ALM.,11001680
SUTURA QX POLIPROPILENO N°2/0 C/2AG 3CM,11001685
SUTURA QX POLIPROPILENO N°5/0 C/2AG 1CM,11001686
"SUTURA QX POLIPROPILENO.N°3/0 C/2AG3,5CM",11001688
SUTURA QX ÁCIDO POLIGLICOLICO N°1 C/AG,11001696
"SUTURA QX POLIGLACTINA N°2/0 C/AG 2,5 CM",11001697
SUTURA QX  POLIGLACTINA N°3/0 C/AG,11001698
SUTURA QX ÁCIDO POLIGLACTINA N°4/0 C/AG,11001699
SUTURA QX POLIGLACTINA Nº0 C/AG CILINDRI,11001700
SUTURA QX POLIPROPILENO N°0 C/AG,11001701
"SUTURA QX POLIPROPILENO N°2/0 C/AG2,5CM",11001702
"SUTURA QX POLIPROPILENO N°2 C/AG 7,5CM",11001703
"SUTURA QX SEDA N°1 C/AG 3,5CM 1/2CÍRCULO",11001705
"SUTURA QX POLIAMIDA N°2/0 C/AG DE 2,6CM",11001706
SUTURA QX POLIAMIDA N°3/0 C/AG DE 2CM,11001707
SUTURA QX POLIAMIDA N°4/0 C/AG DE 2CM,11001708
SUTURA QX DE ALGODÓN N° 0 SIN AG,11001709
SUTURA MECÁNICA CIRCULAR DE 25MM DIÁM,11001712
SUTURA MECÁNICA CIRCULAR DE 29MM DIÁM,11001713
SUTURA QX AC. POLIGLICOLICO N°1 C/AG 5CM,11001718
SUTURA QX POLIAMIDA N°0 C/AG DE 2 CM,11001719
SUTURA QX ALGODÓN N°3/0 S/AGUJA,11001721
SUTURA QX POLIAMIDA N°5/0 C/AG DE 2CM,11001722
"SUTURA QX SEDA N°3/0 C/AG 2,5CM 1/2CIRC",11001723
SUTURA QX SEDA N°0 C/AG DE 3CM 3/8 CÍRCU,11001732
"SUTURA QX ALGODÓN N°2/0 C/AG DE 2,5CM",11001733
"SUTURA QX DE ALGODÓN N°0 C/AGDE 3,5CM",11001738
"AGUJA P/ESCLEROSIS ENDOSCÓPICA DE 2,0 MM",11001772
AGUJA P/ESCLEROSIS ENDOSCÓPICA 23G/7FR,11001774
ALAMBRE GUÍA BIL.P/ENDOS.DIGEST PUN-RECT,11001778
ALAMBRE GUÍA BIL.P/ENDOS.DIGEST PUN-ANGU,11001779
"ASA P/EXT/POL/CUE/EXT/ENDO 2,5 MM/230 CM",11001781
ASA P/POLIPECTOMÍA VÍA ENDOS FOR/OVALADA,11001782
BALON RECAMBIO P/GASTROSTOMÍA DE 24 FR,11001791
BOQUILLA PEDIATRICA DE USO ENDOSCOPICO,11001794
"BOTON GASTROTOM. BAJO RELIEVE 24FR/1,7CM",11001799
"CANASTILLA 2,5X 5CM P/EXT/CAL/BIL/ENDOSC",11001808
CANASTILLA 3X6CM P/EXTRAC/CALCBIL/ENDOSC,11001809
DILAT.VIA ENDO/ESTEN/TUB/DIG.BAL8-9-10MM,11001828
DILAT.VIA END/ESTE/TUB/DIG.BAL10-11-12MM,11001829
"DILAT.VIA END/EST/TUB/DIG.BA11-13,5-15MM",11001830
"DILAT.VIA END/EST/TUB/DIG.BA15-16,5-18MM",11001831
DILAT.VIA END/ESTE/TUB/DIG.BAL18-19-20MM,11001832
DISPOS INSUF P/BALON DILAT ESO/COL/PILOR,11001836
AGUJA AUTOMATICA PARA BIOPSIA RENAL.,11001899
AGUJA P/FÍSTULA ARTERIOVENOSA 16 G,11001900
AGUJA P/FÍSTULA ARTERIOVENOSA 17 G,11001901
"FILTRO CAPILAR P/HEMO SINTETIC 1,2-1,4M2",11001909
"FILTRO CAPI P/HEM SINT1,5-1,8M2(1,5-1,6)",11001910
"FILTRO CAPI P/HEM SINT1,5-1,8M2(1,7-1,8)",11001911
LÍNEAS ARTERIO-VENOSAS P/HEMODIÁLISIS,11001913
"SET CATETER DOB/LÚM 11,5-12FR P/HEMOD AD",11001914
"SET CAT/DOB/LÚM 7,5-8FR P/HEM PED",11001915
SOLUCIÓN CONCE/ACIDA P/HEMOD(SOLUCIÓN A),11001919
SOLUCIÓN CONCE.P/HEMO/BICAR (SOLUCIÓN B),11001920
CATÉTER DOBLE LÚMEN P/HEMOD 12 FR 20 CM,11001926
ACEITE PARA LUBRICAR LAS PIEZAS DE MANO,11001928
ACIDO FOSFÓRICO AL 37% GEL,11001929
ADHESIVO DENT FOTOPOLIMERIZ MONOCOMPONE,11001930
AGUJA CARPULE CORTA DESCARTABLE-ADULTO,11001931
AGUJA CARPULE CORTA DESCARTABLE-PEDIATR,11001932
CEMENTO DE IONÓMERO VÍTREO PARA RESTAURA,11001935
CEMENTO DE IONÓMETRO VÍTREO PARA BASE,11001936
CEPILLOS DE ROBINSON P/ODONTOPEDIATRIA,11001939
CONTRA ÁNGULO ODONTOLOGICO:CONTRA ÁNGULO,11001941
CUCHARITA DE BLACK N° 3,11001943
CURETA CURVA DOBLE PARA CIRUGÍA,11001944
ELEVADOR RECTO ADULTO,11001955
ESPÁTULA PARA RESINA,11001960
ESPEJO BUCAL CON MANGO,11001961
ESPEJO BUCAL PLANO,11001962
ESPONJA HEMOSTÁTICA ODONTOLÓGICA,11001963
EYECTOR DE SALIVA,11001964
FORCEPS PARA INCISIVO INFERIOR,11001969
FORCEPS PARA MOLAR INFERIOR PEDIÁTRICO,11001971
FORCEPS PARA MOLAR SUPERIOR DERECHO,11001972
FORCEPS P/MOLAR SUPERIOR DERECHO PEDIÁT,11001973
FORCEPS P/MOLAR SUPERIOR IZQUIERDO PED.,11001975
FORCEPS PARA PREMOLAR INFERIOR,11001976
FORCEPS PARA PREMOLAR SUPERIOR,11001977
FRESA PARA TURBINA CILÍNDRICA CHICA,11001982
FRESA PARA TURBINA CILÍNDRICA GRANDE,11001983
FRESA PARA TURBINA CILÍNDRICA MEDIANA,11001984
FRESA PARA TURBINA REDONDA MEDIANA,11001990
FRESA PARA TURBINA REDONDA GRANDE,11001991
FRESA PARA TURBINA REDONDA PEQUEÑA,11001992
FRESA QX CARBYDE EXTRA LARGA P TURBINA,11001993
FRESA QX DE CARBURO TUNGSTENO LARG,11001995
FRESA REDONDA GRANDE PARA BAJA ROTACIÓN,11001996
FRESA REDONDA MEDIANA PARA BAJA ROTACIÓN,11001997
FRESA DE GRANO FINO PARA PULIR RESINAS,11001999
GOMAS P PULIR RESINA GOMAS SILICONADAS,11002001
HIDRÓXIDO DE CALCIO FRAGUABLE,11002002
JERINGA TIPO CARPULE,11002003
LENTES PROTECTORES P/LUZ HALÓGENA O LED,11002005
MICROMOTOR,11002012
PASTA ALVEOLAR ANTISÉPTICA Y ANALGÉSICA,11002016
PINZA PARA ALGODÓN 15 CM (+ - 2),11002020
PUNTAS MORSE P/ USO ODONTOLÓGICO,11002026
RESINA FOTOPOLIMERIZABLE COLOR A2,11002028
RESINA FOTOPOLIMERIZABLE COLOR A3,11002029
SELLADOR D FOSAS Y FISURAS FOTOPOLIMERIZ,11002031
SONDA EXPLORADORA DOBLE N° 5,11002034
SONDAS PERIODONTALES,11002035
TIRA METÁLICA PARA PULIR,11002037
TURBINA ODONTOLÓGICA,11002039
VIDRIO PARA CEMENTO USO ODONTOLOGICO,11002042
PROTECTOR OCULAR UNIVERSAL,11002122
CATÉTER PRO AL/PR P/1200a1500PSI-40a80CM,11002366
BARRA DURA TIPO USS 6.0/50-150MM/AC o TI,11002634
CEMENTO ÓSEO/RADIÓP/ES.BV.C/GENTAMICINA,11002641
CEMENTO ÓSEO RADIÓP/ES.B.V.S/ANTIBIÓTICO,11002642
PLACA AUTO-EST.P/CO/CER(PLACA H)40-55MMT,11002695
RÓTULA SENCILLA VENTROFIX ACERO O TITAN,11002861
RÓTULA SISTEMA TIPO USS ACERO O TITANIO,11002862
TORNILLO C/CAB/EXP AUTOR/P/COL/CER/4MM.,11002877
"TORNILLO PEDICULAR USS DE 5,0 MM.",11002879
"TORNILLO PEDICULAR USS DE 6,0 MM.",11002880
"SISTEMA DE ANCLAJE. DIAMETRO 2,9 MM",11002925
"BARRA DURA TIPO USS 6,0 MM DE 50 a 500MM",11002928
"CONECTOR TRANSVERSAL USS P/BARRAS 6,0MM",11002949
ESPONJA HEM.ABS.CEL.10(+-2)CMX20(+-2)CM,11002952
"ESPONJA HEM.ABS.CEL.5(+-1)CMX2,5 (+-1)CM",11002953
GANCHO LAMINAR TIPO USS,11002955
GANCHO PEDICULAR TIPO USS,11002956
KIT CEMENTO ÓSEO P/VERTEBROPLASTÍA RADI.,11002957
LINEA BAJADA P/NUTRIC.PARENTER.(BBRAUN),11003108
SET P/NUTRICIÓN PARENTERAL P/BOMBA ABBOT,11003125
CARTUCHO RECAR.SUT/MEC.C/GRAP/CURVA 45MM,11003152
PAPEL PARA EQUIPO DE GASOMETRÍA,11003191
TRANSDUCTOR PRESION P/MÁQUINAS ANESTESIA,11003223
TUBULADURA CORRUG.C/CONEX.EN YAD(TUB.GO),11003224
GLUCOMETRO DIGITAL,11003236
FILTRO BACTERIANO HME P VENTIL MAQUET,11003262
JERINGA RECORD 2 CC,11003322
SONDA LISA,11003340
CANULA DE TRAQUEOSTOMIA N° 7 C/BALON,11003376
EQ SUERO DE INFUSION IV MICROGOTERO FCB,11003448
CONECCIÓN CON 4 VÍAS P/INFUSIÓN PARENTER,11003451
EQ SUERO DE INFUSION IV MACRO 20G. FBC,11003454
MÁSCARA QUIRÚRGICA DESCART TIRA ELASTICA,11003506
CHALECO O BATA QX NO EST/DESC TG SMS,11003507
CHALECO O BATA QX NO EST/DESC TG SSMMS,11003508
CHALECO O BATA QX NO EST/DESC TM SMS,11003510
CHALECO O BATA QX NO EST/DESC TM SSMMS,11003511
CHALECO O BATA QX NO EST/DESC T EG SMS,11003530
TRAJE DE PROTEC. P/ RIESGO BIOLOGICO TG,11003537
BOLSA MORTUORIA,11003546
TERMÓMETRO DIGITAL,11003581
SET ESTERIL PARA BOMBAS DE INFUSION,11003665
POTECTOR OCULAR TIPO ANTIPARA,11003732
REACT. DETEC ANTIGENO SARS-CoV-2 INF A/B,11003756
CÁNULA NASAL DE ALTO FLUJO TAM. S,11003763
ALGODÓN ZIG ZAG,11003833
